Rk,Player,Pos,Age,Tm,G,GS,MP▼,FG,FGA,FG%,3P,3PA,3P%,2P,2PA,2P%,eFG%,FT,FTA,FT%,ORB,DRB,TRB,AST,STL,BLK,TOV,PF,PTS,Player-additional
1,James Harden,SG,26,HOU,82,82,38.1,8.7,19.7,.439,2.9,8.0,.359,5.8,11.7,.494,.512,8.8,10.2,.860,0.8,5.3,6.1,7.5,1.7,0.6,4.6,2.8,29.0,hardeja01
2,Kyle Lowry,PG,29,TOR,77,77,37.0,6.6,15.6,.427,2.8,7.1,.388,3.9,8.5,.461,.516,5.2,6.4,.811,0.7,4.0,4.7,6.4,2.1,0.4,2.9,2.7,21.2,lowryky01
3,Jimmy Butler,SG,26,CHI,67,67,36.9,7.0,15.4,.454,1.0,3.1,.312,6.1,12.4,.489,.485,5.9,7.1,.832,1.2,4.2,5.3,4.8,1.6,0.6,2.0,1.9,20.9,butleji01
4,Kentavious Caldwell-Pope,SG,22,DET,76,76,36.7,5.3,12.6,.420,1.5,4.9,.309,3.8,7.8,.489,.479,2.4,3.0,.811,0.9,2.8,3.7,1.8,1.4,0.2,1.4,2.2,14.5,caldwke01
5,Gordon Hayward,SF,25,UTA,80,80,36.2,6.5,15.0,.433,1.8,5.1,.349,4.7,9.9,.477,.493,4.9,6.0,.824,0.8,4.2,5.0,3.7,1.2,0.3,2.5,2.3,19.7,haywago01
6,John Wall,PG,25,WAS,77,77,36.2,7.4,17.5,.424,1.5,4.3,.351,5.9,13.3,.448,.467,3.5,4.5,.791,0.5,4.4,4.9,10.2,1.9,0.8,4.1,2.1,19.9,walljo01
7,Khris Middleton,SG,24,MIL,79,79,36.1,6.4,14.5,.444,1.8,4.6,.396,4.6,9.9,.466,.507,3.5,3.9,.888,0.6,3.3,3.8,4.2,1.7,0.2,2.3,2.6,18.2,middlkh01
8,DeMar DeRozan,SG,26,TOR,78,78,35.9,7.9,17.7,.446,0.6,1.8,.338,7.3,15.9,.458,.463,7.1,8.4,.850,0.8,3.7,4.5,4.0,1.0,0.3,2.2,2.1,23.5,derozde01
9,Kevin Durant,SF,27,OKC,72,72,35.8,9.7,19.2,.505,2.6,6.7,.387,7.1,12.5,.569,.573,6.2,6.9,.898,0.6,7.6,8.2,5.0,1.0,1.2,3.5,1.9,28.2,duranke01
10,Marcus Morris,SF,26,DET,80,80,35.7,5.1,11.8,.434,1.4,3.7,.362,3.8,8.1,.467,.491,2.5,3.4,.749,1.1,3.9,5.1,2.5,0.8,0.3,1.8,2.1,14.1,morrima03
11,Damian Lillard,PG,25,POR,75,75,35.7,8.2,19.7,.419,3.1,8.1,.375,5.2,11.5,.450,.497,5.5,6.2,.892,0.6,3.4,4.0,6.8,0.9,0.4,3.2,2.2,25.1,lillada01
12,Kemba Walker,PG,25,CHO,81,81,35.6,7.0,16.4,.427,2.2,6.0,.371,4.8,10.4,.459,.495,4.6,5.4,.847,0.7,3.7,4.4,5.2,1.6,0.5,2.1,1.4,20.9,walkeke02
13,LeBron James,SF,31,CLE,76,76,35.6,9.7,18.6,.520,1.1,3.7,.309,8.6,14.9,.573,.551,4.7,6.5,.731,1.5,6.0,7.4,6.8,1.4,0.6,3.3,1.9,25.3,jamesle01
14,Anthony Davis,C,22,NOP,61,61,35.5,9.2,18.6,.493,0.6,1.8,.324,8.6,16.9,.511,.508,5.3,7.0,.758,2.1,8.1,10.3,1.9,1.3,2.0,2.0,2.4,24.3,davisan02
15,Trevor Ariza,SF,30,HOU,81,81,35.3,4.4,10.6,.416,2.3,6.2,.371,2.1,4.4,.478,.523,1.6,2.0,.783,0.8,3.7,4.5,2.3,2.0,0.3,1.4,2.2,12.7,arizatr01
16,Giannis Antetokounmpo,PG,21,MIL,80,79,35.3,6.4,12.7,.506,0.4,1.4,.257,6.1,11.3,.537,.520,3.7,5.1,.724,1.4,6.2,7.7,4.3,1.2,1.4,2.6,3.2,16.9,antetgi01
17,Rajon Rondo,PG,29,SAC,72,72,35.2,4.9,10.9,.454,0.9,2.4,.365,4.1,8.5,.479,.494,1.2,2.1,.580,1.1,5.0,6.0,11.7,2.0,0.1,3.9,2.4,11.9,rondora01
18,Andrew Wiggins,SF,20,MIN,81,81,35.1,7.3,16.0,.459,0.7,2.3,.300,6.6,13.6,.486,.481,5.3,7.0,.761,1.3,2.3,3.6,2.0,1.0,0.6,2.2,2.0,20.7,wiggian01
19,Carmelo Anthony,SF,31,NYK,72,72,35.1,7.9,18.2,.434,1.5,4.3,.339,6.4,13.8,.463,.474,4.6,5.6,.829,1.4,6.4,7.7,4.2,0.9,0.5,2.4,2.5,21.8,anthoca01
20,Nicolas Batum,SF,27,CHO,70,70,35.0,5.3,12.5,.426,2.0,5.7,.348,3.3,6.8,.492,.506,2.3,2.7,.849,0.8,5.3,6.1,5.8,0.9,0.6,2.9,1.6,14.9,batumni01
21,Paul George,SF,25,IND,81,81,34.8,7.5,17.9,.418,2.6,7.0,.371,4.9,10.9,.447,.490,5.6,6.5,.860,1.0,6.0,7.0,4.1,1.9,0.4,3.3,2.8,23.1,georgpa01
22,CJ McCollum,SG,24,POR,80,80,34.8,8.0,17.9,.448,2.5,5.9,.417,5.6,12.0,.463,.517,2.3,2.8,.827,0.6,2.7,3.2,4.3,1.2,0.3,2.5,2.3,20.8,mccolcj01
23,Draymond Green,PF,25,GSW,81,81,34.7,5.0,10.1,.490,1.2,3.2,.388,3.7,6.9,.537,.551,2.8,4.1,.696,1.7,7.8,9.5,7.4,1.5,1.4,3.2,3.0,14.0,greendr01
24,DeMarcus Cousins,C,25,SAC,65,65,34.6,9.2,20.5,.451,1.1,3.2,.333,8.2,17.3,.473,.477,7.3,10.2,.718,2.4,9.1,11.5,3.3,1.6,1.4,3.8,3.6,26.9,couside01
25,Russell Westbrook,PG,27,OKC,80,80,34.4,8.2,18.1,.454,1.3,4.3,.296,6.9,13.8,.503,.489,5.8,7.2,.812,1.8,6.0,7.8,10.4,2.0,0.3,4.3,2.5,23.5,westbru01
26,Stephen Curry,PG,27,GSW,79,79,34.2,10.2,20.2,.504,5.1,11.2,.454,5.1,9.0,.566,.630,4.6,5.1,.908,0.9,4.6,5.4,6.7,2.1,0.2,3.3,2.0,30.1,curryst01
27,George Hill,PG,29,IND,74,73,34.1,4.4,10.0,.441,1.7,4.2,.408,2.7,5.7,.466,.528,1.5,2.0,.760,0.8,3.2,4.0,3.5,1.1,0.2,1.4,2.0,12.1,hillge01
28,Rudy Gay,SF,29,SAC,70,70,34.0,6.7,14.4,.463,1.1,3.1,.344,5.6,11.3,.495,.500,2.8,3.6,.780,1.5,5.0,6.5,1.7,1.4,0.7,2.0,2.6,17.2,gayru01
29,Wesley Matthews,SF,29,DAL,78,78,33.9,4.2,10.9,.388,2.4,6.7,.360,1.8,4.2,.432,.498,1.6,1.9,.863,0.3,2.7,3.1,1.9,1.0,0.2,1.0,2.3,12.5,matthwe02
30,Monta Ellis,SG,30,IND,81,81,33.8,5.4,12.6,.427,1.1,3.5,.309,4.3,9.1,.472,.470,2.0,2.5,.786,0.5,2.8,3.3,4.7,1.9,0.5,2.5,2.1,13.8,ellismo01
31,DeAndre Jordan,C,27,LAC,77,77,33.7,4.6,6.6,.703,0.0,0.0,.000,4.6,6.6,.704,.703,3.5,8.0,.430,3.5,10.3,13.8,1.2,0.7,2.3,1.4,2.7,12.7,jordade01
32,Brook Lopez,C,27,BRK,73,73,33.7,8.1,15.8,.511,0.0,0.2,.143,8.1,15.7,.515,.512,4.3,5.5,.787,2.8,5.1,7.8,2.0,0.8,1.7,2.4,2.9,20.6,lopezbr01
33,Joe Johnson,SF,34,TOT,81,81,33.4,4.7,10.6,.439,1.5,3.9,.383,3.2,6.7,.471,.509,1.5,1.8,.831,0.6,3.0,3.6,3.9,0.8,0.0,2.0,1.8,12.2,johnsjo02
34,Avery Bradley,SG,25,BOS,76,72,33.4,6.0,13.4,.447,1.9,5.4,.361,4.1,8.1,.505,.520,1.3,1.6,.780,0.6,2.3,2.9,2.1,1.5,0.3,1.4,2.2,15.2,bradlav01
35,Arron Afflalo,SG,30,NYK,71,57,33.4,5.0,11.3,.443,1.3,3.4,.382,3.7,7.9,.469,.500,1.5,1.8,.840,0.3,3.4,3.7,2.0,0.4,0.1,1.2,2.0,12.8,afflaar01
36,Klay Thompson,SG,25,GSW,80,80,33.3,8.1,17.3,.470,3.5,8.1,.425,4.7,9.2,.510,.569,2.4,2.8,.873,0.4,3.4,3.8,2.1,0.8,0.6,1.7,1.9,22.1,thompkl01
37,Tobias Harris,PF,23,TOT,76,74,33.1,5.5,11.7,.469,1.1,3.1,.335,4.4,8.6,.518,.514,2.7,3.2,.831,1.3,5.4,6.7,2.2,0.9,0.5,1.4,2.0,14.7,harrito02
38,Kawhi Leonard,SF,24,SAS,72,72,33.1,7.7,15.1,.506,1.8,4.0,.443,5.9,11.1,.528,.565,4.1,4.6,.874,1.3,5.5,6.8,2.6,1.8,1.0,1.5,1.8,21.2,leonaka01
39,Thaddeus Young,PF,27,BRK,73,73,33.0,6.8,13.2,.514,0.1,0.4,.233,6.7,12.8,.523,.518,1.4,2.2,.644,2.4,6.6,9.0,1.9,1.5,0.5,1.9,2.5,15.1,youngth01
40,Victor Oladipo,SG,23,ORL,72,52,33.0,5.9,13.5,.438,1.4,3.9,.348,4.5,9.6,.475,.489,2.8,3.4,.830,0.7,4.1,4.8,3.9,1.6,0.8,2.1,2.4,16.0,oladivi01
41,Andre Drummond,C,22,DET,81,81,32.9,6.8,13.1,.521,0.0,0.1,.333,6.8,13.0,.522,.522,2.6,7.2,.355,4.9,9.9,14.8,0.8,1.5,1.4,1.9,3.0,16.2,drumman01
42,Goran Dragić,PG,29,MIA,72,72,32.8,5.8,12.2,.477,0.9,2.8,.312,4.9,9.3,.527,.513,1.7,2.3,.727,0.8,3.1,3.8,5.8,1.0,0.2,2.6,2.6,14.1,dragigo01
43,Paul Millsap,PF,30,ATL,81,81,32.7,6.2,13.2,.470,0.9,2.9,.319,5.3,10.3,.512,.505,3.8,5.0,.757,2.4,6.6,9.0,3.3,1.8,1.7,2.4,2.9,17.1,millspa01
44,Chris Paul,PG,30,LAC,74,74,32.7,7.0,15.1,.462,1.6,4.4,.371,5.3,10.6,.501,.517,4.0,4.4,.896,0.5,3.7,4.2,10.0,2.1,0.2,2.6,2.5,19.5,paulch01
45,Evan Fournier,SF,23,ORL,79,71,32.5,5.4,11.8,.462,2.0,4.9,.400,3.5,6.8,.506,.546,2.5,3.0,.836,0.4,2.4,2.8,2.7,1.2,0.0,1.7,2.7,15.4,fournev01
46,Luol Deng,PF,30,MIA,74,73,32.4,4.6,10.1,.455,1.2,3.5,.344,3.4,6.6,.513,.514,2.0,2.6,.755,1.5,4.5,6.0,1.9,1.0,0.4,1.1,1.6,12.3,denglu01
47,Deron Williams,PG,31,DAL,65,63,32.4,4.9,11.9,.414,1.5,4.3,.344,3.4,7.6,.454,.477,2.8,3.2,.869,0.3,2.6,2.9,5.8,0.9,0.2,2.3,2.4,14.1,willide01
48,Jordan Clarkson,SG,23,LAL,79,79,32.3,6.0,13.9,.433,1.4,4.1,.347,4.6,9.8,.468,.483,2.1,2.6,.804,1.2,2.8,4.0,2.4,1.1,0.1,1.7,2.1,15.5,clarkjo01
49,Isaiah Thomas,PG,26,BOS,82,79,32.2,7.2,16.9,.428,2.0,5.7,.359,5.2,11.2,.462,.488,5.8,6.6,.871,0.6,2.4,3.0,6.2,1.1,0.1,2.7,2.0,22.2,thomais02
50,Rodney Hood,SG,23,UTA,79,79,32.2,5.2,12.3,.420,2.0,5.7,.359,3.1,6.6,.472,.503,2.2,2.5,.860,0.5,2.9,3.4,2.7,0.9,0.2,1.6,2.6,14.5,hoodro01
51,Al Horford,C,29,ATL,82,82,32.1,6.5,12.8,.505,1.1,3.1,.344,5.4,9.7,.557,.547,1.3,1.6,.798,1.8,5.5,7.3,3.2,0.8,1.5,1.3,2.0,15.2,horfoal01
52,Serge Ibaka,PF,26,OKC,78,78,32.1,5.3,11.1,.479,0.8,2.4,.326,4.6,8.8,.520,.513,1.2,1.6,.752,1.8,5.0,6.8,0.8,0.5,1.9,1.4,2.7,12.6,ibakase01
53,Gary Harris,SG,21,DEN,76,76,32.1,4.7,10.1,.469,1.4,3.9,.354,3.3,6.2,.543,.538,1.4,1.8,.820,0.7,2.2,2.9,1.9,1.3,0.2,1.3,1.9,12.3,harriga01
54,Dwight Howard,C,30,HOU,71,71,32.1,5.2,8.5,.620,0.0,0.1,.000,5.2,8.4,.626,.620,3.3,6.7,.489,3.4,8.4,11.8,1.4,1.0,1.6,2.3,3.1,13.7,howardw01
55,Karl-Anthony Towns,C,20,MIN,82,82,32.0,7.6,14.1,.542,0.4,1.1,.341,7.3,13.0,.559,.555,2.7,3.4,.811,2.8,7.7,10.5,2.0,0.7,1.7,2.2,3.0,18.3,townska01
56,Derrick Favors,PF,24,UTA,62,59,32.0,6.7,13.1,.515,0.0,0.1,.000,6.7,13.0,.518,.515,2.9,4.1,.709,2.7,5.4,8.1,1.5,1.2,1.5,1.7,2.4,16.4,favorde01
57,Pau Gasol,C,35,CHI,72,72,31.8,6.5,13.8,.469,0.3,1.0,.348,6.2,12.9,.478,.481,3.2,4.0,.792,2.2,8.9,11.0,4.1,0.6,2.0,2.3,2.1,16.5,gasolpa01
58,Derrick Rose,PG,27,CHI,66,66,31.8,6.8,15.9,.427,0.7,2.3,.293,6.1,13.6,.449,.448,2.2,2.7,.793,0.7,2.7,3.4,4.7,0.7,0.2,2.7,1.3,16.4,rosede01
59,Jabari Parker,PF,20,MIL,76,72,31.7,5.8,11.8,.493,0.1,0.5,.257,5.7,11.4,.502,.498,2.3,3.0,.768,1.6,3.6,5.2,1.7,0.9,0.4,1.5,2.0,14.1,parkeja01
60,Rudy Gobert,C,23,UTA,61,60,31.7,3.2,5.8,.559,0.0,0.0,,3.2,5.8,.559,.559,2.6,4.6,.569,3.4,7.5,11.0,1.5,0.7,2.2,1.9,2.7,9.1,goberru01
61,Jae Crowder,SF,25,BOS,73,73,31.6,4.9,11.1,.443,1.7,5.0,.336,3.3,6.2,.529,.518,2.7,3.3,.820,1.0,4.2,5.1,1.8,1.7,0.5,1.1,2.7,14.2,crowdja01
62,Kevin Love,PF,27,CLE,77,77,31.5,5.3,12.7,.419,2.1,5.7,.360,3.3,7.0,.467,.499,3.4,4.1,.822,1.9,8.0,9.9,2.4,0.8,0.5,1.8,2.1,16.0,loveke01
63,Dirk Nowitzki,PF,37,DAL,75,75,31.5,6.6,14.8,.448,1.7,4.6,.368,5.0,10.3,.483,.504,3.3,3.7,.893,0.7,5.8,6.5,1.8,0.7,0.7,1.1,2.1,18.3,nowitdi01
64,Nikola Vučević,C,25,ORL,65,60,31.3,8.2,16.1,.510,0.0,0.1,.222,8.2,16.0,.512,.511,1.7,2.3,.753,2.7,6.2,8.9,2.8,0.8,1.1,1.9,2.7,18.2,vucevni01
65,P.J. Tucker,SF,30,PHO,82,80,31.0,2.9,7.1,.411,0.8,2.5,.330,2.1,4.6,.455,.469,1.3,1.7,.746,2.0,4.2,6.2,2.2,1.3,0.2,1.4,2.5,8.0,tuckepj01
66,Harrison Barnes,SF,23,GSW,66,59,30.9,4.5,9.6,.466,1.2,3.2,.383,3.2,6.3,.508,.531,1.5,2.0,.761,1.2,3.8,4.9,1.8,0.6,0.2,0.9,2.1,11.7,barneha02
67,Reggie Jackson,PG,25,DET,79,79,30.7,6.8,15.7,.434,1.5,4.2,.353,5.3,11.5,.464,.482,3.7,4.3,.864,0.7,2.5,3.2,6.2,0.7,0.1,2.8,2.4,18.8,jacksre01
68,J.R. Smith,SG,30,CLE,77,77,30.7,4.6,11.0,.415,2.6,6.6,.400,1.9,4.4,.438,.535,0.6,0.9,.634,0.6,2.3,2.8,1.7,1.1,0.3,0.8,2.6,12.4,smithjr01
69,Ricky Rubio,PG,25,MIN,76,76,30.6,2.9,7.7,.374,0.8,2.5,.326,2.1,5.2,.396,.427,3.5,4.1,.847,0.5,3.8,4.3,8.7,2.1,0.1,2.5,2.6,10.1,rubiori01
70,LaMarcus Aldridge,PF,30,SAS,74,74,30.6,7.2,14.1,.513,0.0,0.2,.000,7.2,13.9,.521,.513,3.5,4.1,.858,2.4,6.2,8.5,1.5,0.5,1.1,1.3,2.0,18.0,aldrila01
71,Dwyane Wade,SG,34,MIA,74,73,30.5,7.3,16.0,.456,0.1,0.6,.159,7.2,15.4,.468,.459,4.4,5.5,.793,1.1,3.0,4.1,4.6,1.1,0.6,2.7,1.6,19.0,wadedw01
72,Emmanuel Mudiay,PG,19,DEN,68,66,30.4,4.8,13.3,.364,1.1,3.4,.319,3.8,9.9,.379,.404,2.1,3.1,.670,0.5,2.9,3.4,5.5,1.0,0.5,3.2,2.1,12.8,mudiaem01
73,Ryan Anderson,PF,27,NOP,66,7,30.4,6.0,14.1,.427,2.0,5.4,.366,4.0,8.7,.466,.498,3.0,3.5,.873,2.0,4.0,6.0,1.1,0.6,0.4,1.4,1.7,17.0,anderry01
74,Otto Porter Jr.,SF,22,WAS,75,73,30.3,4.5,9.6,.473,1.3,3.6,.367,3.2,6.0,.536,.541,1.3,1.7,.754,1.3,3.9,5.2,1.6,1.4,0.4,0.9,2.2,11.6,porteot01
75,Marcin Gortat,C,31,WAS,75,74,30.1,5.8,10.2,.567,0.0,0.0,.000,5.8,10.2,.567,.567,1.9,2.8,.705,3.0,6.9,9.9,1.4,0.6,1.3,1.6,2.6,13.5,gortama01
76,Kyle Korver,SG,34,ATL,80,80,30.0,3.4,7.7,.435,2.0,5.0,.398,1.4,2.7,.502,.563,0.6,0.7,.833,0.2,3.1,3.3,2.1,0.8,0.4,1.2,2.0,9.2,korveky01
77,Darren Collison,PG,28,SAC,74,15,30.0,5.1,10.5,.486,1.2,2.9,.401,3.9,7.6,.519,.542,2.6,3.1,.858,0.4,1.9,2.3,4.3,1.0,0.1,1.8,1.9,14.0,collida01
78,Zach Randolph,PF,34,MEM,68,53,29.6,6.3,13.3,.475,0.1,0.4,.231,6.3,13.0,.482,.479,2.5,3.2,.796,2.6,5.1,7.8,2.1,0.6,0.2,1.5,2.1,15.3,randoza01
79,Courtney Lee,SG,30,TOT,79,65,29.5,3.7,8.1,.454,1.0,2.7,.378,2.6,5.3,.493,.518,1.3,1.5,.839,0.4,2.2,2.6,1.7,1.1,0.4,0.9,1.7,9.6,leeco01
80,Chandler Parsons,SF,27,DAL,61,51,29.5,5.2,10.7,.492,1.7,4.1,.414,3.5,6.6,.540,.571,1.5,2.2,.684,0.5,4.2,4.7,2.8,0.8,0.3,1.6,1.9,13.7,parsoch01
81,Elfrid Payton,PG,21,ORL,73,69,29.4,4.4,10.0,.436,0.4,1.3,.326,3.9,8.7,.451,.456,1.5,2.6,.589,1.1,2.5,3.6,6.4,1.2,0.3,2.4,2.2,10.7,paytoel01
82,Greg Monroe,C,25,MIL,79,67,29.3,6.2,11.9,.522,0.0,0.0,.000,6.2,11.9,.522,.522,2.9,3.9,.740,2.8,6.1,8.8,2.3,0.9,0.8,1.6,2.1,15.3,monrogr01
83,Nerlens Noel,C,21,PHI,67,62,29.3,4.6,8.8,.521,0.0,0.0,.500,4.6,8.7,.521,.522,2.0,3.4,.590,2.3,5.8,8.1,1.8,1.8,1.5,2.4,2.9,11.1,noelne01
84,Ish Smith,PG,27,TOT,77,53,29.1,5.2,12.6,.411,0.7,2.2,.329,4.4,10.4,.428,.440,1.6,2.3,.693,0.6,3.4,4.0,6.5,1.1,0.3,2.3,1.7,12.6,smithis01
85,Hassan Whiteside,C,26,MIA,73,43,29.1,5.7,9.3,.606,0.0,0.0,,5.7,9.3,.606,.606,2.9,4.5,.650,3.3,8.6,11.8,0.4,0.6,3.7,1.9,2.8,14.2,whiteha01
86,Marvin Williams,PF,29,CHO,81,81,28.9,4.2,9.2,.452,1.9,4.7,.402,2.3,4.6,.504,.554,1.5,1.8,.833,1.6,4.9,6.4,1.4,0.7,1.0,0.8,1.6,11.7,willima02
87,Matt Barnes,SF,35,MEM,76,45,28.8,3.5,9.1,.381,1.6,4.9,.322,1.9,4.3,.449,.467,1.5,1.8,.804,1.1,4.4,5.5,2.1,1.0,0.8,1.6,3.1,10.0,barnema02
88,Will Barton,SG,25,DEN,82,1,28.7,5.2,12.0,.432,1.4,4.0,.345,3.8,8.0,.476,.489,2.6,3.3,.806,0.7,5.1,5.8,2.5,0.9,0.5,1.7,1.8,14.4,bartowi01
89,Patrick Beverley,PG,27,HOU,71,63,28.7,3.6,8.4,.434,1.7,4.4,.400,1.9,4.0,.472,.539,0.8,1.2,.682,1.0,2.5,3.5,3.4,1.3,0.4,1.3,3.3,9.9,beverpa01
90,Justise Winslow,SF,19,MIA,78,8,28.6,2.5,5.9,.422,0.4,1.5,.276,2.1,4.4,.471,.457,1.0,1.5,.684,1.0,4.1,5.2,1.5,0.9,0.3,1.2,2.4,6.4,winslju01
91,Al-Farouq Aminu,SF,25,POR,82,82,28.5,3.6,8.8,.416,1.5,4.3,.361,2.1,4.5,.468,.503,1.4,1.9,.737,1.2,4.9,6.1,1.7,0.9,0.6,1.5,2.1,10.2,aminual01
92,Jeff Teague,PG,27,ATL,79,78,28.5,5.5,12.5,.439,1.4,3.5,.400,4.1,9.0,.454,.495,3.3,3.9,.837,0.4,2.3,2.7,5.9,1.2,0.3,2.8,2.1,15.7,teaguje01
93,Lou Williams,SG,29,LAL,67,35,28.5,4.2,10.3,.408,1.6,4.8,.344,2.6,5.6,.464,.488,5.3,6.3,.830,0.5,2.1,2.5,2.5,0.9,0.3,1.6,1.6,15.3,willilo02
94,Kristaps Porziņģis,PF,20,NYK,72,72,28.4,5.2,12.3,.421,1.1,3.4,.333,4.1,8.9,.454,.467,2.8,3.3,.838,1.8,5.5,7.3,1.3,0.7,1.9,1.7,2.8,14.3,porzikr01
95,Robert Covington,SF,25,PHI,67,49,28.4,4.1,10.6,.385,2.5,7.2,.353,1.6,3.4,.452,.504,2.1,2.6,.791,1.0,5.3,6.3,1.4,1.6,0.6,2.1,3.5,12.8,covinro01
96,Julius Randle,PF,21,LAL,81,60,28.2,4.4,10.3,.429,0.1,0.4,.278,4.3,9.9,.436,.435,2.4,3.3,.715,2.1,8.1,10.2,1.8,0.7,0.4,1.8,3.0,11.3,randlju01
97,Jeff Green,SF,29,TOT,80,41,28.2,4.4,10.3,.430,0.8,2.7,.315,3.6,7.6,.470,.470,2.1,2.8,.745,0.9,3.2,4.2,1.7,0.7,0.5,1.2,2.1,11.7,greenje02
98,D'Angelo Russell,PG,19,LAL,80,48,28.2,4.9,12.0,.410,1.6,4.6,.351,3.3,7.3,.447,.478,1.8,2.4,.737,0.6,2.8,3.4,3.3,1.2,0.2,2.5,1.8,13.2,russeda01
99,Kobe Bryant*,SF,37,LAL,66,66,28.2,6.0,16.9,.358,2.0,7.1,.285,4.0,9.8,.410,.417,3.5,4.3,.826,0.6,3.1,3.7,2.8,0.9,0.2,2.0,1.7,17.6,bryanko01
100,Jrue Holiday,PG,25,NOP,65,23,28.2,6.3,14.4,.439,1.3,4.0,.336,5.0,10.4,.478,.485,2.8,3.3,.843,0.4,2.6,3.0,6.0,1.4,0.3,2.6,2.3,16.8,holidjr01
101,José Calderón,PG,34,NYK,72,72,28.1,2.9,6.3,.459,1.2,2.8,.414,1.7,3.5,.496,.552,0.6,0.7,.875,0.3,2.9,3.2,4.1,0.9,0.1,1.2,1.9,7.6,caldejo01
102,Zach LaVine,SG,20,MIN,82,33,28.0,5.3,11.7,.452,1.5,3.9,.389,3.8,7.8,.482,.516,2.0,2.5,.793,0.3,2.5,2.8,3.1,0.8,0.2,1.9,2.4,14.0,lavinza01
103,Evan Turner,SG,27,BOS,81,12,28.0,4.2,9.3,.456,0.2,1.0,.241,4.0,8.3,.482,.469,1.8,2.2,.827,0.6,4.3,4.9,4.4,1.0,0.3,2.1,1.7,10.5,turneev01
104,Hollis Thompson,SG,24,PHI,77,17,28.0,3.5,8.8,.397,1.9,5.1,.380,1.6,3.7,.420,.507,0.9,1.2,.719,0.7,2.8,3.5,1.3,0.5,0.3,1.0,2.4,9.8,thompho01
105,J.J. Redick,SG,31,LAC,75,75,28.0,5.6,11.7,.480,2.7,5.6,.475,3.0,6.1,.484,.593,2.4,2.7,.888,0.1,1.7,1.9,1.4,0.6,0.1,1.0,1.8,16.3,redicjj01
106,Kent Bazemore,SF,26,ATL,75,68,27.8,4.3,9.7,.441,1.5,4.1,.357,2.8,5.6,.502,.517,1.6,2.0,.815,0.4,4.7,5.1,2.3,1.3,0.5,1.8,2.3,11.6,bazemke01
107,Tristan Thompson,PF,24,CLE,82,34,27.7,3.0,5.1,.588,0.0,0.0,,3.0,5.1,.588,.588,1.8,3.0,.616,3.3,5.7,9.0,0.8,0.5,0.6,0.7,2.5,7.8,thomptr01
108,Devin Booker,SG,19,PHO,76,51,27.7,4.8,11.4,.423,1.3,3.8,.343,3.5,7.6,.464,.480,2.8,3.4,.840,0.4,2.1,2.5,2.6,0.6,0.3,2.1,3.0,13.8,bookede01
109,Dion Waiters,SG,24,OKC,78,15,27.6,3.6,9.1,.399,1.1,3.1,.358,2.5,6.0,.421,.460,1.4,2.0,.713,0.5,2.1,2.6,2.0,1.0,0.2,1.5,1.8,9.8,waitedi01
110,Tony Parker,PG,33,SAS,72,72,27.5,4.9,9.9,.493,0.4,0.9,.415,4.5,9.0,.501,.512,1.8,2.4,.760,0.2,2.2,2.4,5.3,0.8,0.2,1.8,1.6,11.9,parketo01
111,Raymond Felton,PG,31,DAL,80,31,27.4,3.5,8.5,.406,0.8,2.7,.282,2.7,5.9,.463,.450,1.9,2.2,.847,0.5,2.8,3.2,3.6,0.9,0.2,1.5,1.8,9.5,feltora01
112,Marcus Smart,PG,21,BOS,61,10,27.3,3.0,8.7,.348,1.0,4.0,.253,2.0,4.7,.427,.405,2.1,2.7,.777,1.2,2.9,4.2,3.0,1.5,0.3,1.3,3.0,9.1,smartma01
113,Omri Casspi,PF,27,SAC,69,21,27.2,4.3,9.0,.481,1.6,4.0,.409,2.7,5.0,.537,.571,1.5,2.3,.648,0.8,5.1,5.9,1.4,0.8,0.2,1.4,2.2,11.8,casspom01
114,Gorgui Dieng,C,26,MIN,82,39,27.1,3.8,7.1,.532,0.1,0.2,.300,3.7,6.8,.540,.537,2.5,3.0,.827,1.9,5.2,7.1,1.7,1.1,1.2,1.7,2.7,10.1,dienggo01
115,Robin Lopez,C,27,NYK,82,82,27.1,4.4,8.1,.539,0.0,0.0,.000,4.4,8.1,.540,.539,1.6,2.0,.795,3.3,4.1,7.3,1.4,0.2,1.6,1.6,2.2,10.3,lopezro01
116,Jamal Crawford,SG,35,LAC,79,5,26.9,4.8,11.9,.404,1.5,4.4,.340,3.3,7.5,.440,.466,3.1,3.4,.904,0.3,1.6,1.8,2.3,0.7,0.2,1.4,1.5,14.2,crawfja01
117,Bojan Bogdanović,SF,26,BRK,79,39,26.8,4.1,9.5,.433,1.6,4.3,.382,2.5,5.2,.474,.519,1.4,1.7,.833,0.5,2.8,3.2,1.3,0.4,0.1,1.5,1.5,11.2,bogdabo02
118,Jerami Grant,PF,21,PHI,77,52,26.8,3.3,7.8,.419,0.5,1.9,.240,2.8,5.9,.477,.448,2.8,4.2,.658,1.3,3.4,4.7,1.8,0.7,1.6,1.4,2.8,9.7,grantje01
119,Andre Iguodala,SF,32,GSW,65,1,26.6,2.7,5.7,.478,0.8,2.4,.351,1.9,3.3,.570,.552,0.8,1.3,.614,0.8,3.2,4.0,3.4,1.1,0.3,1.2,1.6,7.0,iguodan01
120,Taj Gibson,PF,30,CHI,73,55,26.5,3.6,6.8,.526,0.0,0.0,.000,3.6,6.8,.529,.526,1.4,2.0,.692,2.8,4.1,6.9,1.5,0.6,1.1,1.1,2.5,8.6,gibsota01
121,Zaza Pachulia,C,31,DAL,76,69,26.4,2.9,6.2,.466,0.0,0.0,.000,2.9,6.1,.469,.466,2.8,3.6,.768,3.3,6.2,9.4,1.7,0.8,0.3,1.6,2.4,8.6,pachuza01
122,Jeremy Lin,SG,27,CHO,78,13,26.3,3.8,9.3,.412,1.0,2.9,.336,2.9,6.4,.446,.464,3.1,3.7,.815,0.5,2.7,3.2,3.0,0.7,0.5,1.9,2.1,11.7,linje01
123,Danny Green,SG,28,SAS,79,79,26.1,2.7,7.1,.376,1.5,4.4,.332,1.2,2.7,.448,.480,0.4,0.6,.739,0.6,3.2,3.8,1.8,1.0,0.8,0.9,1.8,7.2,greenda02
124,Allen Crabbe,SG,23,POR,81,8,26.0,3.8,8.4,.459,1.4,3.5,.393,2.5,4.9,.506,.541,1.2,1.4,.867,0.3,2.3,2.7,1.2,0.8,0.2,0.8,2.4,10.3,crabbal01
125,Jonas Valančiūnas,C,23,TOR,60,59,26.0,5.1,8.9,.565,0.0,0.0,,5.1,8.9,.565,.565,2.7,3.6,.761,3.1,6.1,9.1,0.7,0.4,1.3,1.4,2.6,12.8,valanjo01
126,Jared Dudley,PF,30,WAS,81,41,25.9,2.9,6.0,.478,1.2,2.9,.420,1.6,3.1,.534,.581,0.9,1.2,.735,0.7,2.9,3.5,2.1,0.9,0.2,1.0,2.3,7.9,dudleja01
127,Cory Joseph,SG,24,TOR,80,4,25.6,3.2,7.3,.439,0.4,1.4,.273,2.8,5.9,.478,.465,1.7,2.2,.764,0.5,2.1,2.6,3.1,0.8,0.3,1.3,1.6,8.5,josepco01
128,Patrick Patterson,PF,26,TOR,79,0,25.6,2.6,6.2,.414,1.3,3.7,.362,1.2,2.5,.490,.521,0.4,0.4,.853,1.0,3.4,4.3,1.2,0.7,0.4,0.8,1.6,6.9,pattepa01
129,Ian Mahinmi,C,29,IND,71,71,25.6,3.7,6.3,.589,0.0,0.0,,3.7,6.3,.589,.589,1.9,3.2,.587,1.9,5.2,7.1,1.5,0.9,1.1,1.4,3.1,9.3,mahinia01
130,Isaiah Canaan,SG,24,PHI,77,39,25.5,3.4,9.4,.360,2.3,6.3,.363,1.1,3.1,.354,.482,1.9,2.3,.833,0.3,2.0,2.3,1.8,0.7,0.2,1.2,1.7,11.0,canaais01
131,Markieff Morris,PF,26,TOT,64,45,25.5,4.8,11.2,.425,0.7,2.4,.303,4.0,8.8,.458,.458,1.7,2.3,.735,1.1,4.4,5.5,1.9,0.9,0.5,2.1,2.9,12.0,morrima02
132,Mason Plumlee,C,25,POR,82,82,25.4,3.3,6.3,.516,0.0,0.0,.000,3.3,6.3,.520,.516,2.6,4.1,.642,2.5,5.2,7.7,2.8,0.8,1.0,1.9,3.1,9.1,plumlma01
133,Ersan İlyasova,PF,28,TOT,74,56,25.4,3.8,8.9,.424,1.3,3.5,.371,2.5,5.4,.458,.496,1.5,2.1,.721,1.9,3.5,5.4,0.9,0.7,0.4,1.0,2.3,10.4,ilyaser01
134,Kenneth Faried,PF,26,DEN,67,64,25.3,5.2,9.3,.558,0.0,0.0,.500,5.2,9.3,.558,.558,2.0,3.3,.613,3.5,5.2,8.7,1.2,0.5,0.9,1.4,2.5,12.5,farieke01
135,Tony Allen,SG,34,MEM,64,57,25.3,3.4,7.3,.458,0.2,0.7,.357,3.1,6.7,.468,.474,1.4,2.2,.652,1.6,3.0,4.6,1.1,1.7,0.3,1.2,2.7,8.4,allento01
136,Steven Adams,C,22,OKC,80,80,25.2,3.3,5.3,.613,0.0,0.0,,3.3,5.3,.613,.613,1.4,2.5,.582,2.7,3.9,6.7,0.8,0.5,1.1,1.1,2.8,8.0,adamsst01
137,Tim Duncan*,C,39,SAS,61,60,25.2,3.5,7.2,.488,0.0,0.0,.000,3.5,7.2,.490,.488,1.5,2.1,.702,1.9,5.4,7.3,2.7,0.8,1.3,1.5,2.0,8.6,duncati01
138,Nikola Mirotić,PF,24,CHI,66,38,24.9,3.8,9.2,.407,2.0,5.2,.390,1.7,4.0,.430,.518,2.2,2.7,.807,0.9,4.6,5.5,1.5,0.9,0.7,1.5,2.3,11.8,mirotni01
139,Langston Galloway,PG,24,NYK,82,7,24.8,2.8,7.2,.393,0.9,2.7,.344,1.9,4.4,.423,.458,1.0,1.4,.754,0.5,3.0,3.5,2.5,0.9,0.3,0.7,2.2,7.6,gallola01
140,Nik Stauskas,SG,22,PHI,73,35,24.8,2.9,7.5,.385,1.5,4.5,.326,1.4,3.0,.473,.483,1.2,1.6,.771,0.3,2.2,2.5,1.9,0.6,0.3,1.3,1.6,8.5,stausni01
141,Dante Cunningham,SF,28,NOP,80,46,24.6,2.3,5.2,.451,0.7,2.2,.316,1.6,3.0,.550,.518,0.7,1.0,.695,0.7,2.2,3.0,1.0,0.5,0.4,0.5,2.2,6.1,cunnida01
142,Matthew Dellavedova,PG,25,CLE,76,14,24.6,2.7,6.7,.405,1.3,3.1,.410,1.4,3.6,.401,.501,0.8,0.9,.864,0.4,1.7,2.1,4.4,0.6,0.1,1.5,2.3,7.5,dellama01
143,Marco Belinelli,SG,29,SAC,68,7,24.6,3.6,9.3,.386,1.3,4.4,.306,2.3,5.0,.456,.457,1.7,2.0,.833,0.1,1.6,1.7,1.9,0.5,0.0,1.2,1.3,10.2,belinma01
144,Tyson Chandler,C,33,PHO,66,60,24.5,2.8,4.8,.583,0.0,0.0,.000,2.8,4.7,.585,.583,1.6,2.6,.620,2.7,6.1,8.7,1.0,0.5,0.7,1.4,2.2,7.2,chandty01
145,Garrett Temple,SF,29,WAS,80,43,24.4,2.5,6.3,.398,1.1,3.2,.345,1.4,3.1,.453,.486,1.1,1.6,.728,0.5,2.2,2.7,1.8,0.9,0.2,0.8,2.4,7.3,templga01
146,Cody Zeller,C,23,CHO,73,60,24.3,3.2,6.0,.529,0.0,0.1,.100,3.2,5.8,.539,.530,2.4,3.2,.754,1.9,4.3,6.2,1.0,0.8,0.9,0.9,2.8,8.7,zelleco01
147,Aaron Gordon,PF,20,ORL,78,37,23.9,3.5,7.4,.473,0.5,1.8,.296,3.0,5.6,.531,.509,1.7,2.5,.668,2.0,4.5,6.5,1.6,0.8,0.7,0.8,2.0,9.2,gordoaa01
148,Terrence Ross,SF,24,TOR,73,7,23.9,3.7,8.6,.431,1.8,4.6,.386,1.9,3.9,.484,.536,0.7,0.8,.790,0.3,2.2,2.5,0.8,0.7,0.3,0.6,1.6,9.9,rosste01
149,Jared Sullinger,PF,23,BOS,81,73,23.6,4.3,10.0,.435,0.4,1.3,.282,4.0,8.7,.458,.453,1.3,2.0,.640,2.4,5.9,8.3,2.3,0.9,0.6,1.3,2.6,10.3,sullija01
150,Thabo Sefolosha,SF,31,ATL,75,11,23.4,2.5,5.0,.505,0.6,1.7,.339,1.9,3.3,.589,.562,0.8,1.3,.626,0.7,3.8,4.5,1.4,1.1,0.5,0.9,1.5,6.4,sefolth01
151,Alex Len,C,22,PHO,78,46,23.3,3.4,8.0,.423,0.0,0.1,.143,3.4,7.9,.426,.424,2.2,3.1,.728,2.3,5.3,7.6,1.2,0.5,0.8,1.9,2.9,9.0,lenal01
152,Roy Hibbert,C,29,LAL,81,81,23.2,2.2,5.1,.443,0.0,0.0,.000,2.2,5.0,.445,.443,1.4,1.8,.807,1.6,3.3,4.9,1.2,0.4,1.4,0.9,3.1,5.9,hibbero01
153,Stanley Johnson,SF,19,DET,73,6,23.1,3.1,8.2,.375,0.9,2.8,.307,2.2,5.4,.410,.428,1.1,1.4,.784,0.8,3.4,4.2,1.6,0.8,0.2,1.6,2.4,8.1,johnsst04
154,Doug McDermott,SF,24,CHI,81,4,23.0,3.6,8.0,.452,1.4,3.2,.425,2.2,4.8,.470,.537,0.9,1.0,.857,0.5,2.0,2.4,0.7,0.2,0.1,0.7,1.6,9.4,mcderdo01
155,C.J. Miles,SF,28,IND,64,24,22.9,4.0,9.9,.409,2.2,6.0,.367,1.8,3.9,.474,.521,1.5,1.9,.750,0.4,2.3,2.7,1.0,0.8,0.5,1.1,2.2,11.8,milescj01
156,Amir Johnson,PF,28,BOS,79,76,22.8,3.2,5.4,.585,0.1,0.5,.233,3.0,4.8,.624,.596,0.9,1.5,.570,2.3,4.1,6.4,1.7,0.7,1.1,1.2,2.7,7.3,johnsam01
157,Myles Turner,C,19,IND,60,30,22.8,4.4,8.8,.498,0.1,0.2,.214,4.4,8.6,.506,.501,1.5,2.0,.727,1.1,4.4,5.5,0.7,0.4,1.4,1.1,2.6,10.3,turnemy01
158,Gerald Green,SG,30,MIA,69,14,22.6,3.3,8.5,.392,1.2,3.8,.323,2.1,4.7,.446,.463,1.0,1.3,.783,0.4,2.0,2.4,0.8,0.6,0.3,0.7,1.8,8.9,greenge01
159,J.J. Barea,PG,31,DAL,74,16,22.5,4.3,9.6,.446,1.4,3.5,.385,2.9,6.1,.481,.516,1.0,1.3,.771,0.4,1.7,2.1,4.1,0.4,0.0,1.5,1.5,10.9,bareajo01
160,Mario Chalmers,PG,29,TOT,61,7,22.5,3.0,7.3,.410,0.8,2.4,.309,2.2,4.8,.461,.462,3.6,4.3,.832,0.4,2.2,2.6,3.8,1.4,0.2,1.8,3.0,10.3,chalmma01
161,Shane Larkin,PG,23,BRK,78,17,22.4,2.8,6.4,.442,0.5,1.4,.361,2.3,5.1,.464,.481,1.1,1.4,.776,0.4,1.9,2.3,4.4,1.2,0.2,1.9,1.6,7.3,larkish01
162,Alonzo Gee,SF,28,NOP,73,38,22.4,1.8,3.5,.518,0.2,0.8,.283,1.6,2.7,.590,.551,0.6,0.9,.667,0.8,2.5,3.4,1.0,0.9,0.2,0.8,2.3,4.5,geeal01
163,Lance Thomas,PF,27,NYK,59,5,22.3,2.9,6.5,.442,0.7,1.8,.404,2.1,4.6,.458,.500,1.7,2.0,.857,0.6,1.6,2.2,0.9,0.4,0.1,1.0,1.8,8.2,thomala01
164,Andre Roberson,SG,24,OKC,70,70,22.2,1.9,3.9,.496,0.5,1.5,.311,1.5,2.4,.608,.555,0.5,0.8,.611,1.1,2.5,3.6,0.7,0.8,0.6,0.5,1.9,4.8,roberan03
165,Bismack Biyombo,C,23,TOR,82,22,22.0,1.9,3.5,.542,0.0,0.0,.000,1.9,3.5,.544,.542,1.7,2.8,.628,2.2,5.8,8.0,0.4,0.2,1.6,0.9,2.7,5.5,biyombi01
166,Rodney Stuckey,PG,29,IND,58,1,22.0,3.2,7.6,.413,0.3,1.4,.241,2.8,6.2,.453,.436,2.3,2.7,.829,0.3,2.4,2.7,2.4,0.7,0.1,1.3,1.3,8.9,stuckro01
167,Austin Rivers,SG,23,LAC,67,7,21.9,3.4,7.7,.438,0.9,2.8,.335,2.4,4.9,.495,.498,1.2,1.7,.681,0.3,1.6,1.9,1.5,0.7,0.1,0.9,2.0,8.9,riverau01
168,Meyers Leonard,PF,23,POR,61,10,21.9,3.2,7.1,.448,1.4,3.7,.377,1.8,3.4,.527,.547,0.6,0.8,.761,0.8,4.3,5.1,1.5,0.1,0.3,1.3,3.0,8.4,leoname01
169,Nikola Jokić,C,20,DEN,80,55,21.7,3.8,7.5,.512,0.4,1.1,.333,3.5,6.5,.541,.535,1.9,2.4,.811,2.3,4.7,7.0,2.4,1.0,0.6,1.3,2.6,10.0,jokicni01
170,Darrell Arthur,PF,27,DEN,70,16,21.7,3.2,7.0,.452,0.6,1.7,.385,2.5,5.3,.473,.498,0.6,0.8,.755,1.2,3.0,4.2,1.4,0.8,0.7,0.9,2.6,7.5,arthuda01
171,Donald Sloan,PG,28,BRK,61,33,21.6,2.5,5.7,.440,0.6,1.6,.384,1.9,4.1,.462,.494,1.3,1.7,.750,0.3,2.6,2.8,4.4,0.5,0.1,1.3,1.2,7.0,sloando01
172,Luis Scola,PF,35,TOR,76,76,21.5,3.5,7.9,.450,0.9,2.1,.404,2.7,5.8,.467,.504,0.8,1.1,.726,1.1,3.6,4.7,0.9,0.6,0.4,0.9,2.3,8.7,scolalu01
173,Willie Cauley-Stein,C,22,SAC,66,39,21.4,2.9,5.1,.563,0.0,0.0,.000,2.9,5.1,.567,.563,1.2,1.9,.648,2.0,3.3,5.3,0.6,0.7,1.0,0.7,2.2,7.0,caulewi01
174,Ty Lawson,PG,28,TOT,66,13,21.4,2.1,5.4,.393,0.5,1.6,.333,1.6,3.7,.419,.444,0.9,1.3,.686,0.4,1.4,1.8,3.6,0.8,0.1,1.4,1.3,5.7,lawsoty01
175,E'Twaun Moore,SG,26,CHI,59,22,21.4,3.2,6.6,.481,0.8,1.8,.452,2.4,4.8,.491,.541,0.4,0.6,.629,0.3,1.9,2.3,1.7,0.6,0.3,0.9,1.7,7.5,mooreet01
176,Mirza Teletović,PF,30,PHO,79,1,21.3,4.2,9.8,.427,2.3,5.8,.393,1.9,4.0,.476,.544,1.5,2.0,.774,0.7,3.1,3.8,1.1,0.4,0.3,1.1,2.0,12.2,teletmi01
177,Wayne Ellington,SG,28,BRK,76,41,21.3,2.9,7.4,.389,1.3,3.5,.358,1.6,3.9,.416,.474,0.7,0.8,.857,0.3,2.0,2.3,1.1,0.6,0.1,0.6,1.1,7.7,ellinwa01
178,Trey Burke,PG,23,UTA,64,0,21.3,4.1,9.9,.413,1.4,4.0,.344,2.7,5.9,.460,.483,1.0,1.3,.817,0.3,1.5,1.8,2.3,0.5,0.1,1.3,1.3,10.6,burketr01
179,Ben McLemore,SG,22,SAC,68,53,21.2,2.9,6.7,.429,1.0,2.7,.362,1.9,4.0,.474,.502,1.1,1.5,.718,0.5,1.7,2.2,1.2,0.8,0.1,1.5,2.1,7.8,mclembe01
180,Frank Kaminsky,C,22,CHO,81,3,21.1,2.7,6.5,.410,0.8,2.5,.337,1.8,4.0,.455,.474,1.3,1.8,.730,0.9,3.3,4.1,1.2,0.5,0.5,0.7,1.6,7.5,kaminfr01
181,Enes Freedom,C,23,OKC,82,1,21.0,5.0,8.8,.576,0.1,0.3,.476,4.9,8.5,.579,.583,2.4,3.1,.797,3.0,5.1,8.1,0.4,0.3,0.4,1.4,2.0,12.7,kanteen01
182,Ed Davis,PF,26,POR,81,0,20.8,2.5,4.2,.611,0.0,0.0,,2.5,4.2,.611,.611,1.4,2.5,.559,2.8,4.6,7.4,1.1,0.7,0.9,0.8,2.5,6.5,davised01
183,Wesley Johnson,SF,28,LAC,80,9,20.8,2.6,6.4,.404,1.3,3.9,.333,1.3,2.6,.510,.504,0.4,0.6,.652,0.5,2.6,3.1,0.6,1.1,0.7,0.7,2.2,6.9,johnswe01
184,Trevor Booker,PF,28,UTA,79,2,20.7,2.4,4.9,.490,0.2,0.5,.293,2.3,4.4,.513,.505,0.9,1.3,.670,2.1,3.6,5.7,1.1,0.7,0.5,1.0,2.1,5.9,booketr01
185,Jordan Hill,C,28,IND,73,11,20.7,3.8,7.5,.506,0.0,0.0,.000,3.8,7.5,.507,.506,1.2,1.7,.712,2.1,4.0,6.2,1.2,0.5,0.5,1.3,2.1,8.8,hilljo01
186,Andrew Bogut,C,31,GSW,70,66,20.7,2.5,4.0,.627,0.0,0.0,1.000,2.5,4.0,.626,.629,0.3,0.7,.480,1.7,5.3,7.0,2.3,0.5,1.6,1.2,3.2,5.4,bogutan01
187,Toney Douglas,PG,29,NOP,61,18,20.7,3.0,7.3,.411,1.3,3.3,.399,1.7,4.0,.421,.502,1.4,1.6,.848,0.4,1.9,2.3,2.6,1.1,0.1,1.0,2.1,8.7,douglto01
188,Shabazz Muhammad,SF,23,MIN,82,0,20.5,3.9,8.3,.465,0.5,1.9,.289,3.3,6.5,.516,.498,2.3,3.0,.764,1.2,2.0,3.3,0.6,0.3,0.1,0.9,1.1,10.5,muhamsh01
189,Patty Mills,PG,27,SAS,81,3,20.5,3.2,7.6,.425,1.5,4.0,.384,1.7,3.6,.469,.525,0.6,0.7,.810,0.3,1.6,2.0,2.8,0.7,0.1,0.9,1.3,8.5,millspa02
190,Corey Brewer,SF,29,HOU,82,12,20.4,2.6,6.7,.384,0.7,2.7,.272,1.8,4.0,.460,.439,1.3,1.7,.750,0.5,1.9,2.4,1.3,1.0,0.2,1.0,2.0,7.2,breweco01
191,Ramon Sessions,PG,29,WAS,82,5,20.3,3.4,7.2,.473,0.4,1.4,.324,3.0,5.9,.507,.503,2.6,3.5,.756,0.3,2.2,2.5,2.9,0.6,0.1,1.4,1.2,9.9,sessira01
192,Randy Foye,SG,32,TOT,81,8,20.3,2.1,6.0,.351,0.9,3.1,.300,1.2,2.9,.405,.428,0.8,0.9,.824,0.3,1.6,1.9,2.0,0.5,0.4,1.1,1.6,5.9,foyera01
193,Dennis Schröder,PG,22,ATL,80,6,20.3,4.1,9.8,.421,1.0,3.0,.322,3.2,6.8,.465,.471,1.8,2.3,.791,0.3,2.2,2.6,4.4,0.9,0.1,2.3,1.7,11.0,schrode01
194,Brandon Bass,PF,30,LAL,66,0,20.3,2.6,4.8,.549,0.0,0.0,.000,2.6,4.8,.552,.549,1.9,2.2,.845,1.6,2.7,4.3,1.1,0.5,0.8,0.6,1.9,7.2,bassbr01
195,Tony Snell,SF,24,CHI,64,33,20.3,2.0,5.3,.372,0.9,2.4,.361,1.1,2.9,.380,.454,0.5,0.5,.909,0.3,2.8,3.1,1.0,0.3,0.3,0.8,1.6,5.3,snellto01
196,Lavoy Allen,PF,26,IND,79,28,20.2,2.4,4.7,.516,0.0,0.0,,2.4,4.7,.516,.516,0.6,0.9,.630,2.1,3.3,5.4,1.0,0.3,0.5,0.9,1.9,5.4,allenla01
197,Kelly Olynyk,C,24,BOS,69,8,20.2,3.7,8.1,.455,1.2,3.0,.405,2.4,5.0,.486,.531,1.4,1.9,.750,1.0,3.0,4.1,1.5,0.8,0.5,1.1,2.4,10.0,olynyke01
198,Larry Nance Jr.,PF,23,LAL,63,22,20.1,2.5,4.8,.527,0.0,0.2,.100,2.5,4.6,.541,.528,0.5,0.7,.681,1.6,3.3,5.0,0.7,0.9,0.4,0.7,2.0,5.5,nancela02
199,Devin Harris,PG,32,DAL,64,0,20.0,2.6,5.8,.447,0.8,2.5,.329,1.8,3.4,.532,.516,1.6,2.2,.721,0.3,1.9,2.2,1.8,0.9,0.2,1.0,1.9,7.6,harride01
200,Gerald Henderson,SG,28,POR,72,0,19.9,3.2,7.3,.439,0.7,1.9,.353,2.6,5.5,.468,.484,1.6,2.0,.767,0.4,2.5,2.9,1.0,0.5,0.3,0.9,1.2,8.7,hendege02
201,Lance Stephenson,SF,25,TOT,69,13,19.9,3.3,6.9,.481,0.4,1.1,.385,2.9,5.7,.500,.513,1.3,1.6,.784,0.6,2.7,3.2,1.9,0.6,0.1,1.4,2.0,8.3,stephla01
202,P.J. Hairston,SF,23,TOT,66,52,19.9,2.2,6.2,.355,1.1,3.7,.290,1.1,2.5,.449,.441,0.8,1.0,.781,0.4,2.3,2.6,0.6,0.5,0.2,0.6,2.1,6.2,hairspj02
203,T.J. McConnell,PG,23,PHI,81,17,19.8,2.7,5.7,.470,0.4,1.1,.348,2.3,4.6,.499,.503,0.3,0.5,.634,0.5,2.6,3.1,4.5,1.2,0.1,1.7,1.4,6.1,mccontj01
204,Manu Ginóbili*,SG,38,SAS,58,0,19.6,3.4,7.5,.453,1.2,3.1,.391,2.2,4.4,.496,.533,1.6,1.9,.813,0.4,2.1,2.5,3.1,1.1,0.2,1.7,1.7,9.6,ginobma01
205,Shaun Livingston,PG,30,GSW,78,3,19.5,2.6,4.9,.536,0.0,0.2,.167,2.6,4.7,.548,.538,1.0,1.2,.860,0.5,1.6,2.2,3.0,0.7,0.3,1.0,1.8,6.3,livinsh01
206,Ronnie Price,PG,32,PHO,62,18,19.5,1.9,4.9,.384,1.1,3.2,.347,0.8,1.7,.453,.497,0.5,0.7,.756,0.4,1.2,1.6,2.4,1.2,0.2,1.1,2.6,5.3,pricero01
207,Clint Capela,C,21,HOU,77,35,19.1,3.0,5.2,.582,0.0,0.0,.000,3.0,5.1,.583,.582,1.0,2.7,.379,2.5,3.9,6.4,0.6,0.8,1.2,0.8,2.5,7.0,capelca01
208,Kosta Koufos,C,26,SAC,78,14,19.0,3.0,5.7,.532,0.0,0.0,,3.0,5.7,.532,.532,0.7,1.3,.548,2.2,3.3,5.4,0.4,0.5,0.9,0.6,2.4,6.8,koufoko01
209,Tayshaun Prince,SF,35,MIN,77,44,19.0,1.3,3.0,.445,0.1,0.3,.174,1.3,2.7,.476,.454,0.2,0.2,.684,0.4,1.5,1.9,0.9,0.5,0.2,0.4,0.8,2.9,princta01
210,D.J. Augustin,PG,28,TOT,62,0,19.0,2.4,5.6,.423,1.1,2.7,.405,1.3,2.9,.440,.520,1.7,2.1,.805,0.1,1.4,1.5,3.2,0.6,0.1,1.4,1.4,7.5,augusdj01
211,Maurice Harkless,SF,22,POR,78,14,18.7,2.5,5.3,.474,0.5,1.8,.279,2.0,3.5,.576,.522,0.9,1.4,.622,1.3,2.3,3.6,0.9,0.6,0.4,0.8,1.6,6.4,harklma01
212,Jon Leuer,PF,26,PHO,67,27,18.7,3.3,7.0,.481,0.6,1.6,.382,2.7,5.3,.511,.526,1.1,1.5,.762,1.1,4.4,5.6,1.1,0.6,0.4,1.1,1.9,8.5,leuerjo01
213,Anthony Tolliver,PF,30,DET,72,5,18.6,1.8,4.6,.386,1.4,3.8,.360,0.4,0.8,.500,.533,0.4,0.7,.617,0.5,2.6,3.2,0.7,0.4,0.2,0.4,1.2,5.3,tollian01
214,Jeremy Lamb,SG,23,CHO,66,0,18.6,3.5,7.7,.451,0.8,2.7,.309,2.6,5.0,.529,.506,1.0,1.3,.727,0.7,3.2,3.8,1.2,0.6,0.5,0.8,1.6,8.8,lambje01
215,Raul Neto,PG,23,UTA,81,53,18.5,2.2,5.2,.431,0.8,2.0,.395,1.4,3.2,.453,.507,0.6,0.9,.743,0.2,1.3,1.5,2.1,0.8,0.0,1.3,1.5,5.9,netora01
216,JaMychal Green,PF,25,MEM,78,15,18.5,2.9,6.3,.465,0.2,0.6,.333,2.8,5.8,.478,.480,1.3,1.8,.752,1.8,3.0,4.8,0.9,0.6,0.4,1.1,2.4,7.4,greenja01
217,Boris Diaw,PF,33,SAS,76,4,18.2,2.7,5.0,.527,0.3,0.9,.362,2.3,4.1,.564,.560,0.7,1.0,.737,0.8,2.3,3.1,2.3,0.3,0.3,1.3,1.3,6.4,diawbo01
218,Marcus Thornton,SG,28,TOT,61,8,18.2,3.5,8.9,.399,1.5,4.4,.337,2.0,4.5,.460,.482,1.1,1.3,.848,0.6,1.8,2.5,1.4,0.8,0.1,0.8,1.5,9.7,thornma01
219,Paul Pierce*,SF,38,LAC,68,38,18.1,2.1,5.8,.363,1.1,3.6,.310,1.0,2.3,.445,.457,0.8,1.0,.818,0.2,2.6,2.7,1.0,0.5,0.3,0.9,1.9,6.1,piercpa01
220,David West,PF,35,SAS,78,19,18.0,3.1,5.7,.545,0.0,0.1,.429,3.1,5.7,.546,.548,0.8,1.0,.788,0.9,3.0,4.0,1.8,0.6,0.7,0.9,1.8,7.1,westda01
221,Derrick Williams,SF,24,NYK,80,9,17.9,3.2,7.1,.450,0.6,1.9,.293,2.6,5.2,.506,.488,2.4,3.2,.758,0.6,3.1,3.7,0.9,0.4,0.1,0.8,0.9,9.3,willide02
222,Mario Hezonja,SF,20,ORL,79,9,17.9,2.3,5.3,.433,0.8,2.4,.349,1.4,2.9,.504,.513,0.6,0.7,.907,0.4,1.9,2.2,1.4,0.5,0.2,1.2,1.6,6.1,hezonma01
223,Richard Jefferson,SF,35,CLE,74,5,17.9,1.9,4.2,.458,0.9,2.3,.382,1.0,1.9,.554,.564,0.8,1.2,.667,0.2,1.5,1.7,0.8,0.4,0.2,0.6,1.7,5.5,jefferi01
224,Nemanja Bjelica,PF,27,MIN,60,0,17.9,1.8,3.9,.468,0.8,2.1,.384,1.0,1.8,.564,.570,0.7,0.9,.727,0.8,2.7,3.5,1.4,0.4,0.4,0.8,2.6,5.1,bjeline01
225,Bobby Portis,PF,20,CHI,62,4,17.8,3.0,7.0,.427,0.3,0.8,.308,2.7,6.2,.443,.445,0.8,1.1,.727,2.0,3.5,5.4,0.8,0.4,0.4,0.9,1.6,7.0,portibo01
226,Joffrey Lauvergne,C,24,DEN,59,15,17.6,3.3,6.4,.513,0.2,0.9,.245,3.1,5.5,.557,.530,1.1,1.2,.899,1.3,3.6,4.9,0.9,0.2,0.3,0.9,1.9,7.9,lauvejo01
227,Jason Terry,SG,38,HOU,72,7,17.5,2.1,5.2,.402,1.3,3.6,.356,0.8,1.6,.504,.525,0.4,0.5,.818,0.2,0.9,1.1,1.4,0.7,0.1,0.7,1.3,5.9,terryja01
228,Timofey Mozgov,C,29,CLE,76,48,17.4,2.7,4.7,.565,0.0,0.1,.143,2.7,4.6,.574,.567,0.9,1.3,.716,1.4,3.0,4.4,0.4,0.3,0.8,0.9,2.1,6.3,mozgoti01
229,Trey Lyles,PF,20,UTA,80,33,17.3,2.4,5.5,.438,0.6,1.6,.383,1.8,3.9,.461,.494,0.7,1.0,.695,0.7,3.0,3.7,0.7,0.3,0.2,0.8,1.4,6.1,lylestr01
230,Ömer Aşık,C,29,NOP,68,64,17.3,1.5,2.9,.533,0.0,0.0,,1.5,2.9,.533,.533,0.9,1.6,.545,1.8,4.3,6.1,0.4,0.3,0.3,0.9,1.8,4.0,asikom01
231,Channing Frye,PF-C,32,TOT,70,32,17.1,2.2,5.0,.438,1.3,3.4,.387,0.9,1.6,.545,.569,0.4,0.5,.857,0.5,2.8,3.3,1.0,0.4,0.4,0.6,1.8,6.1,fryech01
232,Luc Mbah a Moute,PF,29,LAC,75,61,17.0,1.3,2.8,.454,0.2,0.5,.325,1.1,2.2,.485,.486,0.4,0.8,.526,0.8,1.5,2.3,0.4,0.6,0.3,0.5,1.3,3.1,mbahalu01
233,Steve Blake,PG,35,DET,58,2,17.0,1.6,4.1,.388,0.9,2.6,.344,0.7,1.5,.461,.496,0.3,0.3,.800,0.2,1.4,1.5,3.4,0.4,0.1,1.4,1.2,4.4,blakest01
234,Vince Carter,SG,39,MEM,60,3,16.8,2.2,5.7,.388,1.0,2.8,.349,1.2,2.9,.425,.474,1.2,1.4,.833,0.5,1.9,2.4,0.9,0.6,0.3,0.6,1.7,6.6,cartevi01
235,Jerian Grant,PG,23,NYK,76,6,16.6,2.0,5.1,.394,0.3,1.3,.220,1.7,3.8,.454,.422,1.3,1.6,.780,0.3,1.6,1.9,2.3,0.7,0.1,1.1,1.3,5.6,grantje02
236,Aaron Brooks,PG,31,CHI,69,0,16.1,2.7,6.8,.401,1.0,2.7,.357,1.8,4.1,.430,.471,0.7,0.9,.766,0.3,1.2,1.5,2.6,0.4,0.1,1.2,1.9,7.1,brookaa01
237,Kyle Anderson,SF,22,SAS,78,11,16.0,1.8,3.8,.468,0.2,0.5,.324,1.6,3.3,.488,.488,0.8,1.1,.747,0.3,2.8,3.1,1.6,0.8,0.4,0.8,1.2,4.5,anderky01
238,JaKarr Sampson,SF,22,TOT,73,40,15.9,1.9,4.3,.442,0.2,0.9,.222,1.7,3.5,.496,.464,1.1,1.7,.656,0.6,2.0,2.6,0.6,0.3,0.5,1.0,1.9,5.1,sampsja02
239,Leandro Barbosa,SG,33,GSW,68,0,15.9,2.5,5.4,.462,0.6,1.6,.355,1.9,3.8,.508,.515,0.8,0.9,.839,0.4,1.3,1.7,1.2,0.6,0.1,0.8,1.6,6.4,barbole01
240,Markel Brown,SG,24,BRK,62,6,15.8,2.0,5.2,.394,0.6,2.0,.314,1.4,3.2,.443,.453,1.1,1.5,.755,0.4,1.6,2.0,1.5,0.6,0.2,0.9,1.5,5.9,brownma02
241,Jason Smith,C,29,ORL,76,2,15.5,3.2,6.6,.485,0.1,0.2,.250,3.2,6.4,.493,.489,0.7,0.9,.806,0.7,2.2,2.9,0.8,0.4,0.9,0.8,2.1,7.2,smithja02
242,Joe Ingles,SF,28,UTA,81,2,15.3,1.5,3.6,.426,1.0,2.6,.386,0.5,1.0,.531,.565,0.2,0.2,.722,0.2,1.6,1.9,1.2,0.7,0.0,0.8,1.2,4.2,inglejo01
243,Mike Scott,PF,27,ATL,75,0,15.3,2.3,5.0,.468,0.8,2.1,.392,1.5,2.9,.523,.551,0.7,0.8,.794,0.7,2.0,2.7,1.0,0.3,0.2,0.6,1.4,6.2,scottmi01
244,Aron Baynes,C,29,DET,81,1,15.2,2.4,4.7,.505,0.0,0.0,.000,2.4,4.7,.508,.505,1.6,2.0,.764,1.7,3.0,4.7,0.6,0.3,0.6,0.8,1.9,6.3,baynear01
245,Jonas Jerebko,PF,28,BOS,78,0,15.1,1.5,3.7,.413,0.6,1.4,.398,1.0,2.3,.421,.488,0.8,1.0,.782,1.0,2.7,3.7,0.8,0.3,0.3,0.7,1.8,4.4,jerebjo01
246,Noah Vonleh,PF,20,POR,78,56,15.1,1.5,3.6,.421,0.1,0.6,.239,1.4,3.0,.457,.441,0.5,0.7,.745,1.2,2.7,3.9,0.4,0.3,0.3,0.6,1.9,3.6,vonleno01
247,Sasha Vujačić,SG,31,NYK,61,25,14.9,1.7,4.5,.383,0.9,2.3,.364,0.9,2.2,.403,.477,0.5,0.6,.821,0.4,2.0,2.4,1.4,0.6,0.1,0.7,1.4,4.9,vujacsa01
248,Quincy Acy,PF,25,SAC,59,29,14.8,2.0,3.6,.556,0.3,0.8,.388,1.7,2.8,.606,.600,0.8,1.2,.735,1.1,2.1,3.2,0.5,0.5,0.4,0.5,1.7,5.2,acyqu01
249,Brandon Rush,SG,30,GSW,72,25,14.7,1.5,3.6,.427,0.9,2.2,.414,0.6,1.4,.447,.552,0.3,0.4,.643,0.3,2.2,2.5,0.8,0.3,0.3,0.5,0.8,4.2,rushbr01
250,Solomon Hill,SF,24,IND,59,3,14.7,1.6,3.5,.447,0.4,1.3,.324,1.2,2.3,.515,.505,0.6,0.7,.857,0.7,2.2,2.8,1.0,0.6,0.2,0.6,1.2,4.2,hillso01
251,Alexis Ajinça,C,27,NOP,59,17,14.6,2.5,5.3,.476,0.0,0.0,.000,2.5,5.3,.478,.476,0.9,1.1,.839,1.3,3.3,4.6,0.5,0.3,0.6,0.9,2.3,6.0,ajincal01
252,Dwight Powell,PF,24,DAL,69,2,14.4,2.1,4.3,.493,0.0,0.2,.125,2.1,4.1,.514,.497,1.5,2.1,.739,1.2,2.7,4.0,0.6,0.5,0.3,0.6,1.7,5.8,poweldw01
253,Kyle Singler,SF,27,OKC,68,2,14.4,1.3,3.3,.389,0.4,1.4,.309,0.8,1.8,.452,.457,0.4,0.6,.659,0.7,1.3,2.1,0.4,0.4,0.1,0.5,1.8,3.4,singlky01
254,Rashad Vaughn,SG,19,MIL,70,6,14.3,1.2,3.8,.305,0.6,2.1,.293,0.5,1.7,.319,.385,0.2,0.2,.800,0.2,1.1,1.3,0.6,0.4,0.2,0.4,1.0,3.1,vaughra01
255,Miles Plumlee,C,27,MIL,61,14,14.3,2.3,3.8,.601,0.0,0.0,,2.3,3.8,.601,.601,0.6,1.0,.576,1.5,2.3,3.8,0.3,0.3,0.8,0.7,1.2,5.1,plumlmi01
256,Chase Budinger,SF,27,TOT,66,2,14.1,1.6,3.6,.435,0.4,1.3,.279,1.2,2.3,.523,.485,0.6,0.8,.696,0.7,1.6,2.3,1.0,0.5,0.2,0.7,0.9,4.1,budinch01
257,Pablo Prigioni,PG,38,LAC,59,3,13.9,0.9,2.5,.374,0.5,1.6,.295,0.5,0.9,.519,.469,0.1,0.1,.875,0.6,1.3,1.9,2.2,0.9,0.0,0.8,1.4,2.5,prigipa01
258,Anthony Morrow,SG,30,OKC,68,6,13.6,2.0,4.9,.408,1.2,3.0,.387,0.8,1.9,.442,.527,0.4,0.6,.744,0.1,0.8,0.9,0.4,0.3,0.1,0.3,0.9,5.6,morroan01
259,Cole Aldrich,C,27,LAC,60,5,13.3,2.2,3.8,.596,0.0,0.0,,2.2,3.8,.596,.596,1.0,1.4,.714,1.4,3.4,4.8,0.8,0.8,1.1,1.1,2.3,5.5,aldrico01
260,Johnny O'Bryant,PF,22,MIL,66,4,13.0,1.3,3.2,.411,0.0,0.0,1.000,1.3,3.2,.409,.414,0.4,0.6,.675,1.0,1.7,2.7,0.5,0.3,0.1,0.5,1.5,3.0,obryajo01
261,Thomas Robinson,PF,24,BRK,71,7,12.9,1.8,4.1,.447,0.0,0.0,.000,1.8,4.1,.448,.447,0.7,1.5,.431,1.9,3.1,5.1,0.6,0.5,0.5,1.0,1.6,4.3,robinth01
262,Chris Johnson,SF,25,UTA,70,2,12.2,1.0,2.8,.371,0.4,1.4,.273,0.6,1.4,.474,.441,0.5,0.6,.810,0.4,1.5,1.9,0.6,0.5,0.3,0.6,1.4,2.9,johnsch04
263,Dewayne Dedmon,C,26,ORL,58,20,12.2,1.7,3.1,.559,0.0,0.0,,1.7,3.1,.559,.559,1.0,1.3,.750,1.2,2.8,3.9,0.2,0.4,0.8,0.6,1.9,4.4,dedmode01
264,Kyle O'Quinn,PF,25,NYK,65,1,11.8,2.0,4.2,.476,0.1,0.3,.227,1.9,3.8,.498,.485,0.7,0.9,.767,1.2,2.7,3.8,1.1,0.3,0.8,0.9,1.6,4.8,oquinky01
265,Tyler Zeller,C,26,BOS,60,3,11.8,2.3,4.8,.476,0.0,0.0,,2.3,4.8,.476,.476,1.5,1.8,.815,1.0,1.9,3.0,0.5,0.2,0.4,0.8,1.6,6.1,zellety01
266,Nick Collison,PF,35,OKC,59,4,11.8,0.8,1.8,.459,0.0,0.0,.000,0.8,1.8,.467,.459,0.4,0.6,.697,1.2,1.7,2.9,0.9,0.3,0.3,0.8,1.8,2.1,collini01
267,Marreese Speights,C,28,GSW,72,0,11.6,2.7,6.3,.432,0.3,0.9,.387,2.4,5.5,.439,.458,1.3,1.6,.825,1.1,2.3,3.3,0.8,0.3,0.5,0.9,1.6,7.1,speigma01
268,Kelly Oubre Jr.,SF,20,WAS,63,9,10.7,1.4,3.3,.427,0.4,1.3,.316,1.0,2.1,.492,.486,0.5,0.8,.633,0.4,1.7,2.1,0.2,0.3,0.1,0.5,1.6,3.7,oubreke01
269,Charlie Villanueva,PF,31,DAL,62,4,10.7,2.0,5.3,.382,0.8,2.8,.273,1.3,2.5,.503,.454,0.4,0.4,.917,0.4,2.1,2.5,0.4,0.3,0.2,0.5,1.1,5.1,villach01
270,Mike Muscala,C,24,ATL,60,0,9.4,1.3,2.5,.500,0.2,0.7,.308,1.1,1.9,.566,.539,0.5,0.7,.795,0.6,1.3,2.0,0.6,0.2,0.5,0.5,1.2,3.3,muscami01
271,Ian Clark,SG,24,GSW,66,1,8.8,1.3,3.1,.441,0.5,1.3,.357,0.9,1.8,.500,.515,0.4,0.5,.824,0.2,0.8,1.0,1.0,0.3,0.2,0.7,0.9,3.6,clarkia01